id;message_id;consume_time;sent_time
1;Checking Account impactful;2021-05-08T04:07:06;2021-05-07T14:08:34
2;Montserrat;2021-05-07T11:34:48;2021-05-07T22:04:21
3;Architect;2021-05-07T10:49:29;2021-05-07T11:25:47
4;Swiss Franc Rustic Fresh;2021-05-07T17:38:20;2021-05-08T02:51:58
5;24/7 payment Brook;2021-05-07T10:43:48;2021-05-07T16:04:42
6;front-end;2021-05-07T10:07:56;2021-05-07T12:19:04
7;regional Illinois Concrete;2021-05-08T06:23:32;2021-05-07T13:01:30
8;Legacy compressing Idaho;2021-05-08T00:43:12;2021-05-07T11:30:50
9;productize Chief lime;2021-05-07T16:50:44;2021-05-08T08:03:23
10;Principal online;2021-05-08T07:12:30;2021-05-07T18:22:25
